{
  "speed_A": {
    "coeff": [
      -0.0009030697312733141,
      0.15138985104382646,
      -9.204540233306165,
      328.18554168280417
    ],
    "x_min": 47.77,
    "x_max": 79.87
  },
  "speed_B": {
    "coeff": [
      -0.0005911708172593892,
      0.08776921906060997,
      -5.077878647653967,
      226.70011648179405
    ],
    "x_min": 43.48,
    "x_max": 76.12
  },
  "speed_C": {
    "coeff": [
      -0.00013579476633044212,
      0.005798141712506474,
      -0.39431599628186953,
      112.71939450897536
    ],
    "x_min": 36.51,
    "x_max": 66.53
  },
  "speed_avg": {
    "coeff": [
      0.00017319940802220998,
      -0.03885198013744654,
      1.7282542347269565,
      79.63835188563515
    ],
    "x_min": 36.53,
    "x_max": 59.29
  },
  "speed_D": {
    "coeff": [
      -9.324252250789174e-05,
      -0.002267032575534302,
      -0.10095277821208855,
      86.87399349025378
    ],
    "x_min": 31.63,
    "x_max": 56.31
  },
  "speed_E": {
    "coeff": [
      -0.00016170873866017642,
      0.002988834409355275,
      -0.3166120051860832,
      69.14022923174227
    ],
    "x_min": 27.1,
    "x_max": 47.02
  },
  "surge_line": {
    "coeff": [
      -0.0010701220225940173,
      0.06263400320324679,
      3.493744905370523,
      -58.51318922513095
    ],
    "x_min": 26.93,
    "x_max": 47.54
  },
  "protection_line": {
    "coeff": [
      -0.0012155773097184458,
      0.09911942035346528,
      1.3319623709548187,
      -35.96608063579443
    ],
    "x_min": 29.22,
    "x_max": 52.73
  },
  "pr_speed_A": {
    "coeff": [
      -4.470047053811995e-06,
      0.0006325154227411865,
      -0.0392319846073267,
      3.3571123449207443
    ],
    "x_min": 48.43202865,
    "x_max": 77.91888639
  },
  "pr_speed_B": {
    "coeff": [
      -7.130926647475672e-06,
      0.0010646724214823228,
      -0.06257989151004938,
      3.570097222343669
    ],
    "x_min": 43.86504058,
    "x_max": 76.68633235
  },
  "pr_speed_C": {
    "coeff": [
      -1.5037026516512916e-06,
      6.617095635178887e-05,
      -0.004887204293906981,
      2.1327244650631028
    ],
    "x_min": 36.91527613,
    "x_max": 67.39495737
  },
  "pr_speed_D": {
    "coeff": [
      -1.5178261311744804e-06,
      4.6996773080055364e-05,
      -0.0040798309555583135,
      1.85588940525374
    ],
    "x_min": 32.1497233596031,
    "x_max": 56.8928220255653
  },
  "pr_speed_E": {
    "coeff": [
      -2.018837107105204e-06,
      7.763648494455271e-05,
      -0.004842770783562549,
      1.6406303371514641
    ],
    "x_min": 27.58273529,
    "x_max": 47.7370522
  },
  "pr_surge_line": {
    "coeff": [
      -2.692001304543479e-05,
      0.0026516497678806847,
      -0.039310728593354986,
      1.1859201162796909
    ],
    "x_min": 27.08632354,
    "x_max": 47.9356169
  },
  "pr_protection_line": {
    "coeff": [
      -1.786048793780483e-05,
      0.0018767192785432711,
      -0.023158615107849893,
      1.0125884742511133
    ],
    "x_min": 29.86622933,
    "x_max": 52.99901672
  },
  "dp_speed_A": {
    "coeff": [
      -0.0003758243262118197,
      0.06330869416786805,
      -3.8940726039998865,
      162.397430934842
    ],
    "x_min": 48.5490635200659,
    "x_max": 80.1759082217973
  },
  "dp_speed_B": {
    "coeff": [
      -0.00022833184018200746,
      0.03425185227293075,
      -2.0343307415993306,
      116.71117670213084
    ],
    "x_min": 43.9056442326991,
    "x_max": 76.5815577363912
  },
  "dp_speed_C": {
    "coeff": [
      -5.822560372343482e-05,
      0.003523151022235439,
      -0.23059753614690637,
      70.60637370715123
    ],
    "x_min": 37.0265045477113,
    "x_max": 67.0367514234706
  },
  "dp_speed_D": {
    "coeff": [
      -1.3709152329520783e-05,
      -0.0030993280847331165,
      0.05872315196295397,
      57.65085786868056
    ],
    "x_min": 32.0391282760952,
    "x_max": 56.8481339848452
  },
  "dp_speed_E": {
    "coeff": [
      1.6440958141944757e-05,
      -0.006496376740307785,
      0.16759945464258919,
      49.19948420552779
    ],
    "x_min": 27.5676874808531,
    "x_max": 47.087246337006
  },
  "dp_surge_line": {
    "coeff": [
      -0.0008489892763256995,
      0.08334117622798072,
      -1.145868957521252,
      36.168303199696815
    ],
    "x_min": 27.1377412505413,
    "x_max": 48.1819630337794
  },
  "dp_protection_line": {
    "coeff": [
      -0.0006472478503900469,
      0.06872325294236277,
      -1.0212099698803272,
      35.49879041436902
    ],
    "x_min": 29.8893971245365,
    "x_max": 53.0019120458891
  },
  "sp_speed_A": {
    "coeff": [
      -0.012292921808249672,
      1.944361327697918,
      -77.51799467652901,
      2920.6996473380977
    ],
    "x_min": 49.9296296634899,
    "x_max": 80.2177656396062
  },
  "sp_speed_B": {
    "coeff": [
      -0.0057425062107253995,
      0.6377496575182339,
      3.0794458858801326,
      1051.5108531362107
    ],
    "x_min": 43.6882658084991,
    "x_max": 76.3062583981628
  },
  "sp_speed_C": {
    "coeff": [
      -0.001642143243543072,
      -0.07130879207245264,
      34.605150351133666,
      234.75787900744456
    ],
    "x_min": 36.5282186546704,
    "x_max": 66.6932321268188
  },
  "sp_speed_D": {
    "coeff": [
      -0.0015160789359465183,
      -0.10314201357580814,
      29.1345347914754,
      136.67102843257945
    ],
    "x_min": 31.7548538854513,
    "x_max": 56.3509417935108
  },
  "sp_speed_E": {
    "coeff": [
      0.0001507972453208158,
      -0.289054268318473,
      29.468964643720675,
      6.499799227445178
    ],
    "x_min": 27.1803793149497,
    "x_max": 46.9368057208843
  }
}